{"current":{"loader-main":"rotating-circle","disable_mobile":false,"collection_page_sidebar":"left_sidebar","product_page_sidebar":"left_sidebar","show_description":"200","show_breadcrumb":true,"breadcrumb":"shopify:\/\/shop_images\/Categories-banner.jpg","breadcrumb_background":"#ebedee","breadcrumb_text":"#000000","password":"shopify:\/\/shop_images\/password_737bbe75-422c-41fa-a74e-ce1532b8aca3.jpg","password_background":"#000","sliderimage":"","slidercolor":"#f3f3f3","slider_topbottom_space":30,"favicon":"shopify:\/\/shop_images\/favicon.png","brand-secondary":"#e91e63","menu_bg_color":"#e91e63","menu-text-color":"#ffffff","menu-text-hover-color":"#000000","menu-button-color":"#ffffff","menu-button-text-color":"#000000","button-bg-color":"#e91e63","button-text-color":"#ffffff","button-bg-hover-color":"#000000","button-text-hover-color":"#ffffff","nav-bg-color":"#ffffff","nav-text-color":"#7c7c7c","nav-bg-hover-color":"#e91e63","nav-text-hover-color":"#ffffff","footer-bg-color":"#f7f7f7","footer-heading-color":"#000000","footer-text-color":"#666666","footer-icon-color":"#e91e63","footer-text-hover-color":"#e91e63","footer-bottom-bg-color":"#242424","footer-bottom-text-color":"#ffffff","type_base_family":"Poppins","type_header_family":"Montserrat","social_twitter_link":"\/","social_facebook_link":"\/","social_pinterest_link":"\/","social_instagram_link":"\/","social_tumblr_link":"\/","social_snapchat_link":"","social_youtube_link":"\/","social_vimeo_link":"\/","chart_img":"shopify:\/\/shop_images\/Size-Chat.png","sizechart-title":"Measurement Term Definitions","sizechart-html-table":"<table class=\"table\">\n<thead class=\"thead-light\"><tr>\n<th scope=\"col\">Size<\/th>\n<th scope=\"col\">Chest<\/th>\n<th scope=\"col\">Brand Size<\/th>\n<th scope=\"col\">Shoulder<\/th>\n<th scope=\"col\">Length<\/th>\n<th scope=\"col\">Sleeve Length<\/th>\n<\/tr><\/thead>\n<tbody>\n<tr>\n<td>38<\/td>\n<td>40.2<\/td>\n<td>38<\/td>\n<td>17.9<\/td>\n<td>29.9<\/td>\n<td>24<\/td>\n<\/tr>\n<tr>\n<td>39<\/td>\n<td>41.3<\/td>\n<td>39<\/td>\n<td>18.2<\/td>\n<td>30.1<\/td>\n<td>24.5<\/td>\n<\/tr>\n<tr>\n<td>40<\/td>\n<td>42.5<\/td>\n<td>40<\/td>\n<td>18.5<\/td>\n<td>30.3<\/td>\n<td>25<\/td>\n<\/tr>\n<tr>\n<td>42<\/td>\n<td>44.9<\/td>\n<td>42<\/td>\n<td>19.1<\/td>\n<td>30.7<\/td>\n<td>25.5<\/td>\n<\/tr>\n<tr>\n<td>44<\/td>\n<td>47.2<\/td>\n<td>44<\/td>\n<td>19.7<\/td>\n<td>31.1<\/td>\n<td>26<\/td>\n<\/tr>\n<tr>\n<td>46<\/td>\n<td>49.6<\/td>\n<td>46<\/td>\n<td>20.3<\/td>\n<td>31.5<\/td>\n<td>26.5<\/td>\n<\/tr>\n<\/tbody>\n<\/table>","sizechart-html":"<p><strong>Effective Top Tube Length:<\/strong> Lorem Ipsum is simply dummy text of the printing and typesetting industry. Lorem Ipsum has been the industry's standard dummy text ever since the 1500s.<\/p><p><strong>Seat Tube Length:<\/strong> dummy text of the printing and typesetting industry when an unknown printer took a galley of type and scrambled but also the leap into electronic typesetting, remaining essentially unchanged.<\/p><p><strong>Head Tube Length:<\/strong>Ipsum passages and more recently with desktop publishing software like Aldus PageMaker including versions.<\/p><p><strong>Head Angle:<\/strong>Letraset sheets containing Lorem Ipsum passages, and more recently with desktop publishing software like Aldus PageMaker including versions of Lorem Ipsum.<\/p><p><strong>Fork Rake (rake):<\/strong>It has survived not only five centuries popularised of Letraset sheets containing and more recently with desktop publishing software like Aldus PageMaker including versions.<\/p><p><strong>Stand Over Height:<\/strong>galley of type and scrambled it to make a type specimen book. It was popularised in the 1960s with the release of Letraset sheets containing Lorem Ipsum passages.<\/p>","checkout_header_image":"","checkout_logo_image":"","checkout_logo_position":"left","checkout_logo_size":"small","checkout_body_background_image":"","checkout_body_background_color":"#ffffff","checkout_input_background_color_mode":"white","checkout_sidebar_background_image":"","checkout_sidebar_background_color":"#e8f3f6","checkout_heading_font":"Roboto","checkout_body_font":"Source Sans Pro","checkout_accent_color":"#1990c6","checkout_button_color":"#23314e","checkout_error_color":"#ff6d6d","color_body_bg":"#fff","type_header_base_size":"36px","type_base_size":"20px","brand-primary":"#000000","brand-success":"#a4a4a4","light-color":"#ffffff","color_text":"#3d4246","color_body_text":"#788188","color_sale_text":"#7796a8","color_borders":"#e8e9eb","color_button":"#7796a8","color_button_text":"#fff","color_small_button":"#fff","color_small_button_text":"#3d4246","color_text_field":"#fff","color_text_field_text":"#000","color_image_overlay_text":"#fff","color_image_overlay":"#3d4246","image_overlay_opacity":25,"main-seperator":"","type_bold_product_titles":false,"alignment":"bottom","share_facebook":true,"share_twitter":true,"share_pinterest":true,"share_google":true,"products_featured_collection":"special-product","sections":{"footer":{"type":"footer","blocks":{"1540960769515":{"type":"Services","settings":{"service-image":"shopify:\/\/shop_images\/1_326c159d-b17c-4c69-bcde-7e59a1e980be.png","service-image-hover":"shopify:\/\/shop_images\/5.png","service-title":"WORLDWIDE DELIVERY","service-desc":"Lorem ipsum Dummy Site Text.","link":"\/"}},"1540960864404":{"type":"Services","settings":{"service-image":"shopify:\/\/shop_images\/2_5b5b3856-f1e1-46de-9efc-9d0d3a7da1a0.png","service-image-hover":"shopify:\/\/shop_images\/6.png","service-title":"GIFT VOUCHER","service-desc":"Lorem ipsum Dummy Site Text.","link":"\/"}},"1540960945966":{"type":"Services","settings":{"service-image":"shopify:\/\/shop_images\/3_096e4baf-353b-4afa-b498-438611c6b46f.png","service-image-hover":"shopify:\/\/shop_images\/7.png","service-title":"GREAT SAVING","service-desc":"Lorem ipsum Dummy Site Text.","link":"\/"}},"1540960992401":{"type":"Services","settings":{"service-image":"shopify:\/\/shop_images\/4_d75a85d6-05af-467a-b03a-c74dd218a55e.png","service-image-hover":"shopify:\/\/shop_images\/8.png","service-title":"24X7 SUPPORT","service-desc":"Lorem ipsum Dummy Site Text.","link":"\/"}}},"block_order":["1540960769515","1540960864404","1540960945966","1540960992401"],"settings":{"footerimage":"","space":50,"image":"shopify:\/\/shop_images\/logo_9624e9d7-ba6d-4d76-a3f3-8f4750faf56a.png","text":"<p>This is Photoshops version of Lorem fenIpsum. Proin gravida nibh sagitt sem nibh id elit. Duis sed odio.<\/p>","link1_title":"YOUR ACCOUNT","footer_linklist_two":"your-account","link2_title":"PRODUCTS","footer_linklist_three":"products","link3_title":"OUR COMPANY","footer_linklist_one":"our-company","contactinfotitle":"STORE INFORMATION","show_address":true,"show_contact":true,"show_email":true,"copyright":"<p>© 2020, Trendy Fashion Sectioned Shopify Theme Powered by Shopify<\/p>","show_social":true,"show_payment":true,"show_visa":true,"show_paypal":true,"show_mastercard":true,"show_discover":true,"show_americanexpress":true,"show_googlewallet":true}},"collection-template":{"type":"collection-template","settings":{"max_products":"9","title":"You will find here all woman fashion collections.","text":"<p>This category includes all the basics of your wardrobe and much more:&nbsp;<\/p>\n<p>shoes, accessories, printed t-shirts, feminine dresses, women's jeans!<\/p>","show_collection_image":true,"sort_enable":true}},"product-template":{"type":"product-template","settings":{"show_quantity_selector":true,"show_variant_labels":true,"show_vendor":true,"show_Producttype":true,"enable_zoom":true,"show_sizechart":true,"show_share_buttons":true,"show_description":true,"show_review":true,"show_shipping":true,"show_trust_image":true,"show_spb":true,"trust-image":"shopify:\/\/shop_images\/trust_387x42_d774101e-fa68-43ef-8452-83b50e6f6ebe.png"}},"list-collections-template":{"type":"list-collections-template","blocks":{"1533540810399":{"type":"collection","settings":{"collection":"men"}},"1533540819193":{"type":"collection","settings":{"collection":"kids"}},"1540974409542":{"type":"collection","settings":{"collection":"women"}},"1531910586417":{"type":"collection","settings":{"collection":"fashion"}},"1533540826344":{"type":"collection","settings":{"collection":"new_fashion"}},"1533540833405":{"type":"collection","settings":{"collection":"special_fashion"}}},"block_order":["1533540810399","1533540819193","1540974409542","1531910586417","1533540826344","1533540833405"],"settings":{"display_type":"selected","sort":"alphabetical","grid":"3"}},"Ishi_megamenu":{"type":"Ishi_megamenu","blocks":{"1514878231381":{"type":"text_block","settings":{"title":"Fashion","button_link":"shopify:\/\/collections\/fashion","blog_show_new":false,"blog_show_sale":false,"blog_show_hot":false,"navbar":"men","button_link1":"shopify:\/\/collections\/men","navbar1":"women","button_link2":"shopify:\/\/collections\/women","navbar2":"kids","button_link3":"shopify:\/\/collections\/kids","blog_show_collection":true,"collection-title":"Special Product","button_link5":"shopify:\/\/products\/mug-today-is-a-good-day","product":"mug-today-is-a-good-day","image1":"shopify:\/\/shop_images\/Fashion1.png","bannerlink1":"\/","image2":"shopify:\/\/shop_images\/Fashion-2.png","bannerlink2":"\/"}},"1514878301795":{"type":"text_block","settings":{"title":"Blog","button_link":"shopify:\/\/blogs\/fashion","blog_show_new":false,"blog_show_sale":false,"blog_show_hot":false,"navbar":"","button_link1":"","navbar1":"","button_link2":"","navbar2":"","button_link3":"","blog_show_collection":false,"collection-title":"","button_link5":"","product":"","image1":"","bannerlink1":"","image2":"","bannerlink2":""}},"1514878337719":{"type":"text_block","settings":{"title":"Collection","button_link":"shopify:\/\/collections","blog_show_new":false,"blog_show_sale":false,"blog_show_hot":false,"navbar":"","button_link1":"","navbar1":"","button_link2":"","navbar2":"","button_link3":"","blog_show_collection":false,"collection-title":"","button_link5":"","product":"","image1":"","bannerlink1":"","image2":"","bannerlink2":""}},"1514878323505":{"type":"text_block","settings":{"title":"Category","button_link":"shopify:\/\/collections\/men","blog_show_new":false,"blog_show_sale":true,"blog_show_hot":false,"navbar":"kids","button_link1":"shopify:\/\/collections\/kids","navbar1":"","button_link2":"","navbar2":"","button_link3":"","blog_show_collection":true,"collection-title":"New Product","button_link5":"shopify:\/\/products\/pellentesque-et-pharetra","product":"pellentesque-et-pharetra","image1":"shopify:\/\/shop_images\/Fashion-3.png","bannerlink1":"\/","image2":"","bannerlink2":""}},"1583474005936":{"type":"text_block","settings":{"title":"About Us","button_link":"shopify:\/\/pages\/about-us","blog_show_new":true,"blog_show_sale":false,"blog_show_hot":false,"navbar":"","button_link1":"","navbar1":"","button_link2":"","navbar2":"","button_link3":"","blog_show_collection":false,"collection-title":"","button_link5":"","product":"","image1":"","bannerlink1":"","image2":"","bannerlink2":""}},"1583474022870":{"type":"text_block","settings":{"title":"Contact","button_link":"shopify:\/\/pages\/contact","blog_show_new":false,"blog_show_sale":false,"blog_show_hot":false,"navbar":"","button_link1":"","navbar1":"","button_link2":"","navbar2":"","button_link3":"","blog_show_collection":false,"collection-title":"","button_link5":"","product":"","image1":"","bannerlink1":"","image2":"","bannerlink2":""}},"1583474033987":{"type":"text_block","settings":{"title":"FAQs","button_link":"shopify:\/\/pages\/faqs","blog_show_new":false,"blog_show_sale":false,"blog_show_hot":true,"navbar":"","button_link1":"","navbar1":"","button_link2":"","navbar2":"","button_link3":"","blog_show_collection":false,"collection-title":"","button_link5":"","product":"","image1":"","bannerlink1":"","image2":"","bannerlink2":""}},"1540813389432":{"type":"text_block","settings":{"title":"Accessories","button_link":"shopify:\/\/collections\/fashion","blog_show_new":true,"blog_show_sale":false,"blog_show_hot":false,"navbar":"men-accessories","button_link1":"shopify:\/\/collections\/men","navbar1":"women-accessories","button_link2":"shopify:\/\/collections\/kids","navbar2":"","button_link3":"","blog_show_collection":false,"collection-title":"","button_link5":"","product":"","image1":"","bannerlink1":"","image2":"","bannerlink2":""}},"1539859556075":{"type":"text_block","settings":{"title":"Watches","button_link":"shopify:\/\/collections\/men","blog_show_new":false,"blog_show_sale":false,"blog_show_hot":false,"navbar":"","button_link1":"","navbar1":"","button_link2":"","navbar2":"","button_link3":"","blog_show_collection":false,"collection-title":"","button_link5":"","product":"","image1":"","bannerlink1":"","image2":"","bannerlink2":""}}},"block_order":["1514878231381","1514878301795","1514878337719","1514878323505","1583474005936","1583474022870","1583474033987","1540813389432","1539859556075"],"settings":{}},"Ishi_relatedproductsblock":{"type":"Ishi_relatedproductsblock","settings":{"show_related_products":true,"related_title":"RELATED PRODUCTS","rowproduct_limit_Small":2,"rowproduct_limit_Mobile":2,"rowproduct_limit_Tablet":2,"rowproduct_limit_Laptop":3,"rowproduct_limit_Desktop":4}},"Ishi_sidebar":{"type":"Ishi_sidebar","blocks":{"1540891669250":{"type":"testimonial","settings":{"image":"shopify:\/\/shop_images\/testimonial-1_20a49118-bbb4-495e-b091-227d2ffa5ec3.png","user-name":"John Duff","designation":"Web Designer","description":"<p>Lorem ipsum dolor sit amet, consectetur adipiscing elit. Nam non eros tellus. Phasellus nec iaculis sapien.<\/p>"}},"1540891763414":{"type":"testimonial","settings":{"image":"shopify:\/\/shop_images\/testimonial-2_cefb0bbd-50b4-4320-ba91-92af4f599337.png","user-name":"John Duff","designation":"Web Designer","description":"<p>Lorem ipsum dolor sit amet, consectetur adipiscing elit. Nam non eros tellus. Phasellus nec iaculis sapien.<\/p>"}},"1540891774477":{"type":"testimonial","settings":{"image":"shopify:\/\/shop_images\/testimonial-3_ef214b78-2ec9-4e96-b3cd-77d2954b103e.png","user-name":"John Duff","designation":"Web Designer","description":"<p>Lorem ipsum dolor sit amet, consectetur adipiscing elit. Nam non eros tellus. Phasellus nec iaculis sapien.<\/p>"}}},"block_order":["1540891669250","1540891763414","1540891774477"],"settings":{"sidebar_link":"fashion","show_filter":true,"show_home_page_banner1":false,"image":"shopify:\/\/shop_images\/leftbanner-1.png","scale_enable1":false,"hover1":"fadeinrotate","banner_link":"\/","show_home_page_product1":false,"title":"FEATURED COLLECTION","collection":"new_fashion","grid":3,"show_view_all":true,"newslettertitle":"NEWSLETTER","newslettersubtitle":"SIGN UP & GET NEWS","newsletterdescription":"Newsletter Subscription & Get Latest Offer","show_home_page_product2":true,"title-new-product":"SPECIAL COLLECTION","collection1":"special_fashion","grid1":3,"show_view_all1":true,"show_home_page_banner2":false,"leftbottombannerimage":"shopify:\/\/shop_images\/leftbottombannerblock-1.png","leftbottombannerscale_enable1":false,"leftbottombannerhover1":"fadeinrotate3D","leftbottombanner_link":"\/","testimonialtitle":"OUR CLIENT SAY"}},"header-top":{"type":"header-top","settings":{"logo":"shopify:\/\/shop_images\/Logo.png","logo_max_width":"188","contact-title":"Contact Us","show_contact":true}},"cart-template":{"type":"cart-template","settings":{"cart_notes_enable":true}},"article-template":{"type":"article-template","settings":{"blog_show_author":true,"blog_show_date":true,"show_share_buttons":true}},"blog-template":{"type":"blog-template","settings":{"blog_show_author":true,"blog_show_date":true}},"1523949749658":{"type":"Ishi_productsblock","blocks":{"1523949982516":{"type":"logo_image","settings":{"title":"Featured","collection":"men","show_view_all":false}},"1523949998318":{"type":"logo_image","settings":{"title":"Latest","collection":"women","show_view_all":false}},"1523950011348":{"type":"logo_image","settings":{"title":"Best Seller","collection":"kids","show_view_all":false}}},"block_order":["1523949982516","1523949998318","1523950011348"],"settings":{"title1":"TRENDING PRODUCTS","totalproduct_limit":10,"rowproduct_limit_Small":2,"rowproduct_limit_Mobile":2,"rowproduct_limit_Tablet":2,"rowproduct_limit_Laptop":3,"rowproduct_limit_Desktop":4,"max_products_rows":"2"}},"Ishi_headerlink":{"type":"Ishi_headerlink","blocks":{"1531289698482":{"type":"text_block","settings":{"title":"Home","button_link":"\/"}},"1531289733562":{"type":"text_block","settings":{"title":"Shop","button_link":"\/"}},"1531289745889":{"type":"text_block","settings":{"title":"Services","button_link":"\/"}},"1531289778995":{"type":"text_block","settings":{"title":"Contact","button_link":"shopify:\/\/pages\/contact"}},"1531289812194":{"type":"text_block","settings":{"title":"About Us","button_link":"shopify:\/\/pages\/about-us"}},"1532088962558":{"type":"text_block","settings":{"title":"Blog","button_link":"shopify:\/\/blogs\/fashion"}},"1542005254365":{"type":"text_block","settings":{"title":"Collection","button_link":"shopify:\/\/collections"}},"1542005264854":{"type":"text_block","settings":{"title":"Product","button_link":"shopify:\/\/products\/brown-bear-cushion"}}},"block_order":["1531289698482","1531289733562","1531289745889","1531289778995","1531289812194","1532088962558","1542005254365","1542005264854"],"settings":{}},"contact-page":{"type":"contact-page","settings":{"show_banner":true,"image":"shopify:\/\/shop_images\/Fashion.jpg","heading":"Get In Touch","subheading":"We'd Love to Hear From You, Lets Get In Touch!","info":"<p>We are open: Monday - Saturday, 10AM - 5PM and colsed on sunday sorry for that.<\/p>","display_google_map":true,"google_map_code":"<iframe src=\"https:\/\/www.google.com\/maps\/embed?pb=!1m18!1m12!1m3!1d929.7373954591351!2d72.86352677911316!3d21.23384779761219!2m3!1f0!2f0!3f0!3m2!1i1024!2i768!4f13.1!3m3!1m2!1s0x3be04efc6a379f43%3A0xc781696a0f9b3ea0!2sIshi%20Technolabs!5e0!3m2!1sen!2sin!4v1567597173052!5m2!1sen!2sin\" style=\"border:0;\" width=\"100%\" height=\"400\" frameborder=\"0\"><\/iframe>","show_form":true,"formheading":"Leave Us A Message","formsubheading":"-Good For Nature, Good For You-"}},"password-header":{"type":"password-header","settings":{"logo":"shopify:\/\/shop_images\/passLogo.png","logo_max_width":"188","header":"opening soon","startdate":"2018-11-10"}},"password-content":{"type":"password-content","settings":{"newsletter_enable":true,"newsletter_form_heading":"Be the first to know when we launch.","newsletter_placeholder":"Email address","newsletter_button_text":"Notify me"}},"password-footer":{"type":"password-footer","settings":{"show_share_buttons":true,"social_message":"Spread the word"}},"Ishi_slideshow":{"type":"Ishi_slideshow","blocks":{"1539777836016":{"type":"slide_image","settings":{"image":"shopify:\/\/shop_images\/slide-1.jpg","link":"\/"}},"1539777846497":{"type":"slide_image","settings":{"image":"shopify:\/\/shop_images\/slide-2.jpg","link":"\/"}}},"block_order":["1539777836016","1539777846497"],"settings":{}},"1539949573066":{"type":"Ishi_bannerblock","settings":{"bannerimage1":"shopify:\/\/shop_images\/bannerblock-1_aed9e066-55ba-4af0-97b8-fb7a49a8f8ea.png","banner1_scale_enable":true,"bannerhover1":"fadeinflip","banner_link1":"\/","bannerimage2":"shopify:\/\/shop_images\/bannerblock-2_7589a305-0fff-4ea8-ad04-107cbdc9d20e.png","banner2_scale_enable":true,"bannerhover2":"fadeinflip","banner_link2":"\/"}},"Ishi_threebanner":{"type":"Ishi_threebanner","blocks":{"1540802995894":{"type":"banner_image","settings":{"bannerimage":"shopify:\/\/shop_images\/bannerblock-1_49818953-b614-4759-a659-c6785f42b420.png","banner_scale_enable":false,"bannerhover":"fadeinrotate","banner_link":"\/"}},"1540803011270":{"type":"banner_image","settings":{"bannerimage":"shopify:\/\/shop_images\/bannerblock-2_67d00132-6bb0-49a6-a0a5-89c387b23a98.png","banner_scale_enable":false,"bannerhover":"fadeinrotate","banner_link":"\/"}},"1540803022097":{"type":"banner_image","settings":{"bannerimage":"shopify:\/\/shop_images\/bannerblock-3_cde59516-324f-4e24-ac68-b3e7a42a68f5.png","banner_scale_enable":false,"bannerhover":"fadeinrotate","banner_link":"\/"}}},"block_order":["1540802995894","1540803011270","1540803022097"],"settings":{}},"Ishi_categoryblock":{"type":"Ishi_categoryblock","blocks":{"1540803560374":{"type":"image","settings":{"image":"shopify:\/\/shop_images\/category-1.png","title":"WOMEN DRESS","button_link":"\/"}},"1540804171611":{"type":"image","settings":{"image":"shopify:\/\/shop_images\/category-2.png","title":"MEN WALLET","button_link":"\/"}},"1540804197755":{"type":"image","settings":{"image":"shopify:\/\/shop_images\/category-3.png","title":"T-SHIRTS WEAR","button_link":"\/"}},"1540804236053":{"type":"image","settings":{"image":"shopify:\/\/shop_images\/category-4.png","title":"COTTON SCARF","button_link":"\/"}}},"block_order":["1540803560374","1540804171611","1540804197755","1540804236053"],"settings":{}},"1540814907871":{"type":"Ishi_bottombanner","settings":{"image":"shopify:\/\/shop_images\/bottombannerblock.png","banner_scale_enable":false,"bannerhover":"fadeinrotate3D","banner_link":"\/"}},"1540815982896":{"type":"Ishi_specialdeal","blocks":{"1540815996571":{"type":"logo_image","settings":{"product":"hummingbird-printed-t-shirt","startdate":"2020-03-05","enddate":"2020-12-05"}},"1540816034357":{"type":"logo_image","settings":{"product":"mug-today-is-a-good-day","startdate":"2020-03-05","enddate":"2020-12-05"}},"1540871664748":{"type":"logo_image","settings":{"product":"pellentesque-et-pharetra","startdate":"2020-03-05","enddate":"2020-12-05"}},"1540871711943":{"type":"logo_image","settings":{"product":"printed-chiffon-dress","startdate":"2020-03-05","enddate":"2020-12-05"}},"1583900418831":{"type":"logo_image","settings":{"product":"printed-long-skirt","startdate":"2020-03-10","enddate":"2021-03-10"}}},"block_order":["1540815996571","1540816034357","1540871664748","1540871711943","1583900418831"],"settings":{"main-title":"DEAL OF THE DAY"}},"1540879410060":{"type":"collection","settings":{"title":"SPECIAL PRODUCTS","show_description":"100","collection":"special_fashion","totalproduct_limit":8,"rowproduct_limit_Small":2,"rowproduct_limit_Mobile":2,"rowproduct_limit_Tablet":2,"rowproduct_limit_Laptop":1,"rowproduct_limit_Desktop":2,"max_products_rows":"2","show_view_all":false}},"Ishi_manufactureblock":{"type":"Ishi_manufactureblock","blocks":{"1540896851348":{"type":"logo_image","settings":{"image":"shopify:\/\/shop_images\/Brand-Logo-1_b2ee5455-dcad-41a8-89a8-5285b349f71e.png","link":"\/"}},"1540896878115":{"type":"logo_image","settings":{"image":"shopify:\/\/shop_images\/Brand-Logo-2_84725e11-8035-4433-b68f-520344bb0788.png","link":"\/"}},"1540896892170":{"type":"logo_image","settings":{"image":"shopify:\/\/shop_images\/Brand-Logo-3_2e6bcd17-6e6f-4df5-b75e-61584073bf70.png","link":"\/"}},"1540896905371":{"type":"logo_image","settings":{"image":"shopify:\/\/shop_images\/Brand-Logo-4_4ba54a00-8b14-4a73-b95c-0d28a394d3ae.png","link":"\/"}},"1540896918711":{"type":"logo_image","settings":{"image":"shopify:\/\/shop_images\/Brand-Logo-5_792053fb-0b58-4ebe-a474-8a6b7458185f.png","link":"\/"}},"1540896932901":{"type":"logo_image","settings":{"image":"shopify:\/\/shop_images\/Brand-Logo-6_32c49282-5028-4ab1-959a-0f676ec7de4e.png","link":"\/"}}},"block_order":["1540896851348","1540896878115","1540896892170","1540896905371","1540896918711","1540896932901"],"settings":{}},"1540897029561":{"type":"featured-blog","settings":{"main-title":"LATEST NEWS","blog":"fashion","post_limit":6,"blog_show_author":false,"blog_show_date":true,"blog_show_comment":true,"show_view_all":false}},"faq-page":{"type":"faq-page","blocks":{"1583572914147":{"type":"faq-block","settings":{"faq-title":"How long is Lorem Ipsum?","faq-subtitle":"Lorem ipsum dolor sit amet, consectetur adipiscing elit, sed do eiusmod tempor incididunt ut labore et dolore magna aliqua. Ut enim ad minim veniam, quis nostrud exercitation ullamco laboris nisi ut aliquip ex ea commodo consequat. Duis aute irure dolor in reprehenderit in voluptate velit esse cillum dolore eu fugiat nulla pariatur. Excepteur sint occaecat cupidatat non proident."}},"1583572940343":{"type":"faq-block","settings":{"faq-title":"What is a Lorem Ipsum generator?","faq-subtitle":"Derived from Latin dolorem ipsum (“pain itself”), Lorem Ipsum is filler text used by publishers and graphic designers used to demonstrate graphic elements. Let's say you're drafting the ultimate content marketing strategy. \n<ul>\n<li>ipsum dolor sit amet consectetur.<\/li>\n<li>Ut enim ad minim veniam quis nostrud.<\/li>\n<li>Excepteur sint occaecat cupidatat.<\/li>\n<li>sunt in culpa qui officia deserunt mollit anim id est laborum.<\/li>\n<\/ul>"}},"1583572964416":{"type":"faq-block","settings":{"faq-title":"Ut enim ad minim veniam quis nostrud?","faq-subtitle":"tempor incididunt ut labore et dolore magna aliqua. Ut enim ad minim veniam, quis nostrud exercitation ullamco laboris nisi ut aliquip ex ea commodo consequat. Duis aute irure dolor in reprehenderit in voluptate velit esse cillum dolore eu fugiat nulla pariatur. Excepteur sint occaecat cupidatat non proident, sunt in culpa qui officia deserunt mollit anim id est laborum."}},"1583572977649":{"type":"faq-block","settings":{"faq-title":"who is thought to have scrambled parts of Cicero?","faq-subtitle":"The purpose of lorem ipsum is to create a natural looking block of text (sentence, paragraph, page, etc.) that doesn't distract from the layout. A practice not without controversy, laying out pages with meaningless filler text can be very useful when the focus is meant to be on design, not content."}},"1583572985660":{"type":"faq-block","settings":{"faq-title":"What is the use of Lorem Ipsum?","faq-subtitle":"In publishing and graphic design, lorem ipsum is a filler text commonly used to demonstrate the graphic elements of a document or visual presentation. Replacing meaningful content that could be distracting with placeholder text may allow viewers to focus on graphic aspects such as font, typography, and page layout."}},"1583572997660":{"type":"faq-block","settings":{"faq-title":"How do I generate Lorem Ipsum in Word?","faq-subtitle":"Lorem ipsum, or lipsum as it is sometimes known, is dummy text used in laying out print, graphic or web designs. The passage is attributed to an unknown typesetter in the 15th century who is thought to have scrambled parts of Cicero's De Finibus Bonorum et Malorum for use in a type specimen book"}},"1583573012288":{"type":"faq-block","settings":{"faq-title":"What is Lorem Ipsum in HTML?","faq-subtitle":"sed do eiusmod tempor incididunt ut labore et dolore magna aliqua. Ut enim ad minim veniam, quis nostrud exercitation ullamco laboris nisi ut aliquip ex ea commodo consequat. Duis aute irure dolor in reprehenderit in voluptate velit esse cillum dolore eu fugiat nulla pariatur. Excepteur sint occaecat cupidatat non proident, sunt in culpa qui officia deserunt mollit anim id est laborum."}},"1583573023216":{"type":"faq-block","settings":{"faq-title":"How do I get Lorem Ipsum text in Sublime Text?","faq-subtitle":"An extension for Sublime Text 2 and 3! It allows you to Insert Lorem Ipsum in the editor via menu items or keyboard shortcut. Select how much text you want from the menu item in Lorem Ipsum or on the right click menu in Lorem Ipsum to add Lorem Ipsum text."}},"1583573035959":{"type":"faq-block","settings":{"faq-title":"What does Lorem Ipsum actually mean?","faq-subtitle":"Derived from Latin dolorem ipsum (“pain itself”), Lorem Ipsum is filler text used by publishers and graphic designers used to demonstrate graphic elements. Let's say you're drafting the ultimate content marketing strategy. \n<ul>\n<li>ipsum dolor sit amet consectetur.<\/li>\n<li>Ut enim ad minim veniam quis nostrud.<\/li>\n<li>Excepteur sint occaecat cupidatat.<\/li>\n<li>sunt in culpa qui officia deserunt mollit anim id est laborum.<\/li>\n<\/ul>"}},"1583573048217":{"type":"faq-block","settings":{"faq-title":"How do I get Lorem Ipsum text in Sublime Text?","faq-subtitle":"faq-subtitle"}}},"block_order":["1583572914147","1583572940343","1583572964416","1583572977649","1583572985660","1583572997660","1583573012288","1583573023216","1583573035959","1583573048217"],"settings":{"title1":"FAQs","show_counter":true}},"aboutus-page":{"type":"aboutus-page","blocks":{"1583573366722":{"type":"image","settings":{"service-image":"shopify:\/\/shop_images\/icon-1_small_small_446430e3-605c-455e-9b09-e935078c6862.png","service-title":"FREE RESOURCES","service-desc":"Bring to the table win-win survival strategies to ensure proactive domination. At the end of the day, going forward","link":"\/"}},"1583573424336":{"type":"image","settings":{"service-image":"shopify:\/\/shop_images\/icon-2_small_small_617609ad-4b08-4fe5-ae63-5b1e1f969047.png","service-title":"MULTI PURPOSE","service-desc":"Bring to the table win-win survival strategies to ensure proactive domination. At the end of the day, going forward","link":"\/"}},"1583573430087":{"type":"image","settings":{"service-image":"shopify:\/\/shop_images\/icon-3_small_small_390d974b-7592-475c-821c-4e4df076bf32.png","service-title":"FULLY RESPONSIVE","service-desc":"Bring to the table win-win survival strategies to ensure proactive domination. At the end of the day, going forward","link":"\/"}}},"block_order":["1583573366722","1583573424336","1583573430087"],"settings":{"title1":"About Us","show_aboutblock":true,"image":"shopify:\/\/shop_images\/istockphoto-830343990-612x612_26cb457b-7ccf-45ab-8815-835647f625e1.jpg","bannerhover1":"fadeinoutbordercorner","bannerimage1_link":"\/","heading":"We Have Everything You Need ?","info":"<p>Lorem ipsum, or lipsum as it is sometimes known, is dummy text used in laying out print, graphic or web designs. The passage is attributed to an unknown typesetter in the 15th century who is thought to have scrambled parts of Cicero's De Finibus Bonorum et Malorum for use in a type specimen book.Lorem ipsum.<\/p>","about_btn":"Contact Us","btn_link":"shopify:\/\/pages\/about-us","show_aboutbanner":true,"image2":"shopify:\/\/shop_images\/About2.jpg","bannerhover2":"fadeinoutbordercorner","bannerimage2_link":"\/","heading2":"We Have Everything You Need ?","info2":"<p>Lorem ipsum, or lipsum as it is sometimes known, is dummy text used in laying out print, graphic or web designs. The passage is attributed to an unknown typesetter in the 15th century who is thought to have scrambled parts of Cicero's De Finibus Bonorum et Malorum for use in a type specimen book.Lorem ipsum.<\/p>","about_btn2":"Contact Us","btn_link2":"shopify:\/\/pages\/about-us","formheading":"Somthing About Us?","formsubheading":"Leverage agile frameworks to provide a robust synopsis for high level overviews. Iterative to corporate strategy to the table win-win survival strategies to ensure"}},"newsletterpopup":{"type":"newsletterpopup","settings":{"enable":true,"show_onall_page":false,"image":"shopify:\/\/shop_images\/Categories-banner.jpg","bgcolor":"#f2f2f2","textcolor":"#000000","image_position":"cover","text_position":"right","maintitle":"SUBSCRIBE AND GET DISCOUNT!","subtitle":"Subscribe to the newsletter to receive updates about new products.","show_social":true}},"cookieconsent":{"type":"cookieconsent","settings":{"enable":true,"cookieconsent_position":"left","cookieconsent_description":"<p>This is a cookie consent dialog which comes free of cost with the theme! You can use it if you want or disable it.<\/p>","cookieconsent_btntext":"Got it!","cookieconsent_bgcolor":"#000000","cookieconsent_bgcoloropacity":0.9,"cookieconsent_btnbgcolor":"#ffffff","cookieconsent_btntextcolor":"#000000"}}},"content_for_index":["1523949749658","1540814907871","1540815982896","1539949573066","1540879410060","1540897029561"]},"presets":{"Default":{"color_text":"#3d4246","color_body_text":"#788188","color_sale_text":"#7796A8","color_borders":"#e8e9eb","color_button":"#7796A8","color_button_text":"#fff","color_small_button":"#fff","color_small_button_text":"#3d4246","color_text_field":"#fff","color_text_field_text":"#000","color_image_overlay_text":"#fff","color_image_overlay":"#3d4246","image_overlay_opacity":"25","color_body_bg":"#fff","type_header_family":"Google_Work+Sans_600_sans","type_header_base_size":"26px","type_base_family":"Google_Work+Sans_400_sans","type_base_size":"16px","type_bold_product_titles":false,"share_facebook":true,"share_twitter":true,"share_pinterest":true,"content_for_index":[]},"Light":{"color_text":"#162950","color_body_text":"#757575","color_sale_text":"#ff574f","color_borders":"#e4e4e4","color_button":"#ff574f","color_button_text":"#ffffff","color_small_button":"#eaeaea","color_small_button_text":"#162950","color_text_field":"#ffffff","color_text_field_text":"#162950","color_image_overlay_text":"#ffffff","color_image_overlay":"#3d3d3d","image_overlay_opacity":"30","color_body_bg":"#f8f8f8","type_header_family":"Google_Muli_600_sans","type_header_base_size":"26px","type_base_family":"Google_Muli_600_sans","type_base_size":"18px","type_bold_product_titles":true,"share_facebook":true,"share_twitter":true,"share_pinterest":true,"social_twitter_link":"","social_facebook_link":"","social_pinterest_link":"","social_instagram_link":"","social_tumblr_link":"","social_snapchat_link":"","social_youtube_link":"","social_vimeo_link":"","favicon":"","checkout_header_image":"","checkout_logo_image":"","checkout_logo_position":"left","checkout_logo_size":"small","checkout_body_background_image":"","checkout_body_background_color":"#ffffff","checkout_input_background_color_mode":"white","checkout_sidebar_background_image":"","checkout_sidebar_background_color":"#e8f3f6","checkout_heading_font":"Roboto","checkout_body_font":"Source Sans Pro","checkout_accent_color":"#1990c6","checkout_button_color":"#23314e","checkout_error_color":"#ff6d6d","content_for_index":[]}}}