[{"name":"theme_info","theme_name":"Debut","theme_author":"Ishi Themes","theme_version":"1.0.0","theme_documentation_url":"https:\/\/help.shopify.com\/manual\/using-themes\/themes-by-shopify\/debut","theme_support_url":"https:\/\/ishithemes.freshdesk.com\/"},{"name":"Theme Configuration & Images","settings":[{"type":"header","content":"Loader"},{"type":"select","id":"loader-main","label":"Select Loader","default":"rotating-circle","options":[{"value":"rotate-slices","label":"Round Rotate Zoom"},{"value":"round-rotate-scale","label":"Round Rotate Scale"},{"value":"square-rotate","label":"Rotating Square"},{"value":"round-flip","label":"Fliping Disk"},{"value":"triangle-rotate","label":"Fliping Triangle"},{"value":"rotate-plane","label":"Fliping Square"},{"value":"round-rotate","label":"Native Loader"},{"value":"simple-dot-scaleout","label":"Zoomout Disk"},{"value":"dots-rotate","label":"Windows Loader"},{"value":"rotating-circle","label":"Rotating Circle"}]},{"type":"header","content":"Sidebar Settings"},{"type":"checkbox","id":"disable_mobile","label":"Left Sidebar Disable for Mobile","default":false},{"type":"select","id":"collection_page_sidebar","label":"Select Layout For Collection Page","default":"left_sidebar","options":[{"value":"left_sidebar","label":"Left Sidebar"},{"value":"right_sidebar","label":"Right Sidebar"}]},{"type":"select","id":"product_page_sidebar","label":"Select Layout For Product Page","default":"left_sidebar","options":[{"value":"left_sidebar","label":"Left Sidebar"},{"value":"right_sidebar","label":"Right Sidebar"},{"value":"full_width","label":"Full Width"}]},{"type":"header","content":"Product Description Truncate"},{"type":"text","id":"show_description","label":"Length of Characters for Short Product Description in the entire Theme","default":"200"},{"type":"header","content":"Breadcrumb Settings"},{"type":"checkbox","id":"show_breadcrumb","label":"Enable Breadcrumb?","default":true},{"type":"image_picker","id":"breadcrumb","label":"Background Image","info":"Size: 1920px X 650px"},{"type":"color","id":"breadcrumb_background","label":"Background Color","default":"#ebedee"},{"type":"color","id":"breadcrumb_text","label":"Text Color","default":"#000000"},{"type":"header","content":"passwordpage background Image"},{"type":"image_picker","id":"password","label":"Passwordpage Image","info":"Size: 1920px X 1000px"},{"type":"color","id":"password_background","label":"Background Color","default":"#000"},{"type":"header","content":"Slider Background Setting"},{"type":"image_picker","id":"sliderimage","label":"Background Image","info":"Size: 1920px X 850px"},{"type":"color","id":"slidercolor","label":"Background Color","default":"#f3f3f3"},{"type":"range","id":"slider_topbottom_space","label":"Top & Bottom Internal Spacing","min":0,"max":100,"step":10,"default":30},{"type":"header","content":"Favicon"},{"type":"image_picker","id":"favicon","label":"Favicon Image","info":"Will be scaled down to 32 x 32px"}]},{"name":"Colors","settings":[{"type":"header","content":"Main Color"},{"type":"color","id":"brand-secondary","label":"Theme Color","default":"#e91e63"},{"type":"header","content":"Header Colors","info":"Applies to header."},{"type":"color","id":"menu_bg_color","label":"Horizontal Menu Background Color","default":"#e91e63"},{"type":"color","id":"menu-text-color","label":"Horizontal Menu Text Color","default":"#ffffff"},{"type":"color","id":"menu-text-hover-color","label":"Horizontal Menu Text Hover Color","default":"#000000"},{"type":"color","id":"menu-button-color","label":"Horizontal Menu Button Background Color","default":"#ffffff"},{"type":"color","id":"menu-button-text-color","label":"Horizontal Menu Button Text Color","default":"#000000"},{"type":"header","content":"Button Colors","info":"Applies to all the buttons of the theme on all pages."},{"type":"color","id":"button-bg-color","label":"Background Color","default":"#e91e63"},{"type":"color","id":"button-text-color","label":"Text Color","default":"#ffffff"},{"type":"color","id":"button-bg-hover-color","label":"Background Hover Color","default":"#000000"},{"type":"color","id":"button-text-hover-color","label":"Text Hover Color","default":"#ffffff"},{"type":"header","content":"Navigation Colors","info":"Applies to all the next and previous buttons of the theme."},{"type":"color","id":"nav-bg-color","label":"Background Color","default":"#ffffff"},{"type":"color","id":"nav-text-color","label":"Icon Color","default":"#7c7c7c"},{"type":"color","id":"nav-bg-hover-color","label":"Background Hover Color","default":"#e91e63"},{"type":"color","id":"nav-text-hover-color","label":"Icon Hover Color","default":"#ffffff"},{"type":"header","content":"Footer Colors","info":"Applies to footer."},{"type":"color","id":"footer-bg-color","label":"Background Color","default":"#f7f7f7"},{"type":"color","id":"footer-heading-color","label":"Heading Color","default":"#000000"},{"type":"color","id":"footer-text-color","label":"Text Color","default":"#666666"},{"type":"color","id":"footer-icon-color","label":"Icon Color","default":"#e91e63"},{"type":"color","id":"footer-text-hover-color","label":"Text Hover Color","default":"#e91e63"},{"type":"color","id":"footer-bottom-bg-color","label":"Bottom Background Color","default":"#242424"},{"type":"color","id":"footer-bottom-text-color","label":"Bottom Text Color","default":"#ffffff"}]},{"name":"Typography","settings":[{"type":"header","content":"Primary Font"},{"type":"select","id":"type_base_family","label":"Font","default":"Poppins","options":[{"value":"Quicksand","label":"Quicksand"},{"value":"Rubik","label":"Rubik"},{"value":"Open Sans","label":"Open Sans"},{"value":"Montserrat","label":"Montserrat"},{"value":"Poppins","label":"Poppins"},{"value":"Lato","label":"Lato"},{"value":"Oswald","label":"Oswald"},{"value":"PT Sans","label":"PT Sans"},{"value":"Roboto","label":"Roboto"},{"value":"Ubuntu","label":"Ubuntu"},{"value":"Work Sans","label":"Work Sans"},{"value":"Lora","label":"Lora"},{"value":"PT Serif","label":"PT Serif"}]},{"type":"header","content":"Secondary Font"},{"type":"select","id":"type_header_family","label":"Font","default":"Montserrat","options":[{"value":"Quicksand","label":"Quicksand"},{"value":"Rubik","label":"Rubik"},{"value":"Open Sans","label":"Open Sans"},{"value":"Montserrat","label":"Montserrat"},{"value":"Poppins","label":"Poppins"},{"value":"Lato","label":"Lato"},{"value":"Oswald","label":"Oswald"},{"value":"PT Sans","label":"PT Sans"},{"value":"Roboto","label":"Roboto"},{"value":"Ubuntu","label":"Ubuntu"},{"value":"Work Sans","label":"Work Sans"},{"value":"Lora","label":"Lora"},{"value":"PT Serif","label":"PT Serif"}]}]},{"name":"Social media","settings":[{"type":"header","content":"Social accounts"},{"type":"text","id":"social_twitter_link","label":"Twitter","info":"https:\/\/twitter.com\/shopify"},{"type":"text","id":"social_facebook_link","label":"Facebook","info":"https:\/\/facebook.com\/shopify"},{"type":"text","id":"social_pinterest_link","label":"Pinterest","info":"https:\/\/pinterest.com\/shopify"},{"type":"text","id":"social_instagram_link","label":"Instagram","info":"http:\/\/instagram.com\/shopify"},{"type":"text","id":"social_tumblr_link","label":"Tumblr","info":"http:\/\/shopify.tumblr.com"},{"type":"text","id":"social_snapchat_link","label":"Snapchat","info":"https:\/\/www.snapchat.com\/add\/shopify"},{"type":"text","id":"social_youtube_link","label":"YouTube","info":"https:\/\/www.youtube.com\/shopify"},{"type":"text","id":"social_vimeo_link","label":"Vimeo","info":"https:\/\/vimeo.com\/shopify"}]},{"name":"Size Chart","settings":[{"type":"image_picker","id":"chart_img","label":"Size Chart Image","info":"Size: 480px X 650px"},{"type":"text","id":"sizechart-title","label":"size Chart Title","default":"Measurement Term Definitions"},{"id":"sizechart-html-table","type":"html","label":"Size Chart Table","default":"<table class='table'><thead class='thead-light'><tr><th scope='col'>Size<\/th><th scope='col'>Chest<\/th><th scope='col'>Brand Size<\/th><th scope='col'>Shoulder<\/th><th scope='col'>Length<\/th><th scope='col'>Sleeve Length<\/th><\/tr><\/thead><tbody><tr><td>38<\/td><td>40.2<\/td><td>38<\/td><td>17.9<\/td><td>29.9<\/td><td>24<\/td><\/tr><tr><td>39<\/td><td>41.3<\/td><td>39<\/td><td>18.2<\/td><td>30.1<\/td><td>24.5<\/td><\/tr><tr><td>40<\/td><td>42.5<\/td><td>40<\/td><td>18.5<\/td><td>30.3<\/td><td>25<\/td><\/tr><tr><td>42<\/td><td>44.9<\/td><td>42<\/td><td>19.1<\/td><td>30.7<\/td><td>25.5<\/td><\/tr><tr><td>44<\/td><td>47.2<\/td><td>44<\/td><td>19.7<\/td><td>31.1<\/td><td>26<\/td><\/tr><tr><td>46<\/td><td>49.6<\/td><td>46<\/td><td>20.3<\/td><td>31.5<\/td><td>26.5<\/td><\/tr><\/tbody><\/table>"},{"id":"sizechart-html","type":"html","label":"Size Chart Block","default":"<p><strong>Effective Top Tube Length:<\/strong> Lorem Ipsum is simply dummy text of the printing and typesetting industry. Lorem Ipsum has been the industry's standard dummy text ever since the 1500s.<\/p><p><strong>Seat Tube Length:<\/strong> dummy text of the printing and typesetting industry when an unknown printer took a galley of type and scrambled but also the leap into electronic typesetting, remaining essentially unchanged.<\/p><p><strong>Head Tube Length:<\/strong>Ipsum passages and more recently with desktop publishing software like Aldus PageMaker including versions.<\/p><p><strong>Head Angle:<\/strong>Letraset sheets containing Lorem Ipsum passages, and more recently with desktop publishing software like Aldus PageMaker including versions of Lorem Ipsum.<\/p><p><strong>Fork Rake (rake):<\/strong>It has survived not only five centuries popularised of Letraset sheets containing and more recently with desktop publishing software like Aldus PageMaker including versions.<\/p><p><strong>Stand Over Height:<\/strong>galley of type and scrambled it to make a type specimen book. It was popularised in the 1960s with the release of Letraset sheets containing Lorem Ipsum passages.<\/p>"}]}]